ShowID,ShowName,LastEp,ShowData 
'1865769',Jessie,98,"[[1, 6.8, '#cfa6a'], [2, 7.3, '#cfa6a'], [3, 7.9, '#cfa6a'], [4, 7.2, '#cfa6a'], [5, 7.3, '#cfa6a'], [6, 7.4, '#cfa6a'], [7, 7.2, '#cfa6a'], [8, 7.9, '#cfa6a'], [9, 7.2, '#cfa6a'], [10, 7.8, '#cfa6a'], [11, 7.5, '#cfa6a'], [12, 7.1, '#cfa6a'], [13, 7.3, '#cfa6a'], [14, 7.4, '#cfa6a'], [15, 6.9, '#cfa6a'], [16, 7.1, '#cfa6a'], [17, 7.5, '#cfa6a'], [18, 7.1, '#cfa6a'], [19, 7.5, '#cfa6a'], [20, 7.1, '#cfa6a'], [21, 7.3, '#cfa6a'], [22, 7.2, '#cfa6a'], [23, 7.9, '#cfa6a'], [24, 7.1, '#cfa6a'], [25, 7.2, '#cfa6a'], [26, 7.4, '#cfa6a'], [27, 7.7, '#71c7e4'], [28, 7.6, '#71c7e4'], [29, 7.2, '#71c7e4'], [30, 7.3, '#71c7e4'], [31, 7.0, '#71c7e4'], [32, 7.4, '#71c7e4'], [33, 7.8, '#71c7e4'], [34, 6.8, '#71c7e4'], [35, 7.2, '#71c7e4'], [36, 8.0, '#71c7e4'], [37, 7.5, '#71c7e4'], [38, 7.9, '#71c7e4'], [39, 7.5, '#71c7e4'], [40, 7.0, '#71c7e4'], [41, 7.8, '#71c7e4'], [42, 7.1, '#71c7e4'], [43, 7.3, '#71c7e4'], [44, 6.9, '#71c7e4'], [45, 6.5, '#71c7e4'], [46, 7.3, '#71c7e4'], [47, 7.3, '#71c7e4'], [48, 7.2, '#71c7e4'], [49, 7.0, '#71c7e4'], [50, 6.9, '#71c7e4'], [51, 7.3, '#71c7e4'], [52, 7.3, '#71c7e4'], [53, 7.9, '#2df4ba'], [54, 7.2, '#2df4ba'], [55, 7.2, '#2df4ba'], [56, 7.0, '#2df4ba'], [57, 8.0, '#2df4ba'], [58, 7.5, '#2df4ba'], [59, 7.8, '#2df4ba'], [60, 7.2, '#2df4ba'], [61, 7.1, '#2df4ba'], [62, 6.3, '#2df4ba'], [63, 8.2, '#2df4ba'], [64, 7.3, '#2df4ba'], [65, 6.9, '#2df4ba'], [66, 6.6, '#2df4ba'], [67, 6.9, '#2df4ba'], [68, 7.1, '#2df4ba'], [69, 6.7, '#2df4ba'], [70, 6.6, '#2df4ba'], [71, 6.8, '#2df4ba'], [72, 7.3, '#2df4ba'], [73, 7.4, '#2df4ba'], [74, 6.9, '#2df4ba'], [75, 7.2, '#2df4ba'], [76, 7.0, '#2df4ba'], [77, 7.1, '#2df4ba'], [78, 7.4, '#2df4ba'], [79, 7.3, '#8027e8'], [80, 7.7, '#8027e8'], [81, 7.3, '#8027e8'], [82, 7.6, '#8027e8'], [83, 7.9, '#8027e8'], [84, 7.6, '#8027e8'], [85, 7.9, '#8027e8'], [86, 7.6, '#8027e8'], [87, 7.8, '#8027e8'], [88, 7.6, '#8027e8'], [89, 7.6, '#8027e8'], [90, 7.0, '#8027e8'], [91, 8.0, '#8027e8'], [92, 7.8, '#8027e8'], [93, 7.3, '#8027e8'], [94, 6.9, '#8027e8'], [95, 6.9, '#8027e8'], [96, 7.9, '#8027e8'], [97, 7.3, '#8027e8'], [98, 8.2, '#8027e8']]"
'1192169',Ben 10: Alien Force,46,"[[1, 8.1, '#bcf22c'], [2, 8.4, '#bcf22c'], [3, 7.6, '#bcf22c'], [4, 8.1, '#bcf22c'], [5, 7.8, '#bcf22c'], [6, 8.5, '#bcf22c'], [7, 8.3, '#bcf22c'], [8, 8.4, '#bcf22c'], [9, 8.1, '#bcf22c'], [10, 8.8, '#bcf22c'], [11, 8.2, '#bcf22c'], [12, 8.0, '#bcf22c'], [13, 8.0, '#bcf22c'], [14, 8.0, '#d785b7'], [15, 8.6, '#d785b7'], [16, 8.5, '#d785b7'], [17, 8.3, '#d785b7'], [18, 8.0, '#d785b7'], [19, 8.0, '#d785b7'], [20, 7.8, '#d785b7'], [21, 8.6, '#d785b7'], [22, 8.0, '#d785b7'], [23, 7.8, '#d785b7'], [24, 7.9, '#d785b7'], [25, 8.4, '#d785b7'], [26, 8.4, '#d785b7'], [27, 8.0, '#8fac17'], [28, 8.1, '#8fac17'], [29, 7.2, '#8fac17'], [30, 7.5, '#8fac17'], [31, 7.6, '#8fac17'], [32, 7.3, '#8fac17'], [33, 7.9, '#8fac17'], [34, 8.4, '#8fac17'], [35, 7.5, '#8fac17'], [36, 7.7, '#8fac17'], [37, 7.8, '#8fac17'], [38, 7.9, '#8fac17'], [39, 8.3, '#8fac17'], [40, 8.1, '#8fac17'], [41, 7.8, '#8fac17'], [42, 8.2, '#8fac17'], [43, 7.6, '#8fac17'], [44, 8.0, '#8fac17'], [45, 8.4, '#8fac17'], [46, 9.0, '#8fac17']]"
'1622696',Ben 10: Ultimate Alien,52,"[[1, 8.1, '#13bb71'], [2, 8.0, '#13bb71'], [3, 8.7, '#13bb71'], [4, 7.7, '#13bb71'], [5, 8.6, '#13bb71'], [6, 8.6, '#13bb71'], [7, 8.7, '#13bb71'], [8, 8.7, '#13bb71'], [9, 8.6, '#13bb71'], [10, 8.5, '#13bb71'], [11, 8.4, '#13bb71'], [12, 8.3, '#13bb71'], [13, 8.1, '#13bb71'], [14, 8.5, '#13bb71'], [15, 8.8, '#13bb71'], [16, 8.3, '#13bb71'], [17, 8.1, '#13bb71'], [18, 8.5, '#13bb71'], [19, 8.3, '#13bb71'], [20, 8.3, '#13bb71'], [21, 7.9, '#22cfc6'], [22, 8.2, '#22cfc6'], [23, 7.9, '#22cfc6'], [24, 8.2, '#22cfc6'], [25, 8.2, '#22cfc6'], [26, 8.5, '#22cfc6'], [27, 7.9, '#22cfc6'], [28, 8.1, '#22cfc6'], [29, 8.8, '#22cfc6'], [30, 8.8, '#22cfc6'], [31, 8.2, '#22cfc6'], [32, 8.5, '#22cfc6'], [33, 8.3, '#e3e8a'], [34, 8.2, '#e3e8a'], [35, 8.8, '#e3e8a'], [36, 8.4, '#e3e8a'], [37, 7.9, '#e3e8a'], [38, 8.3, '#e3e8a'], [39, 8.1, '#e3e8a'], [40, 7.3, '#e3e8a'], [41, 6.2, '#e3e8a'], [42, 8.1, '#e3e8a'], [43, 8.0, '#e3e8a'], [44, 8.2, '#e3e8a'], [45, 8.5, '#e3e8a'], [46, 7.9, '#e3e8a'], [47, 8.5, '#e3e8a'], [48, 8.0, '#e3e8a'], [49, 8.6, '#e3e8a'], [50, 8.5, '#e3e8a'], [51, 8.2, '#e3e8a'], [52, 8.1, '#e3e8a']]"
'760437',Ben 10,51,"[[1, 7.8, '#75bcd1'], [2, 7.3, '#75bcd1'], [3, 7.4, '#75bcd1'], [4, 7.5, '#75bcd1'], [5, 8.2, '#75bcd1'], [6, 7.3, '#75bcd1'], [7, 8.3, '#75bcd1'], [8, 7.8, '#75bcd1'], [9, 8.3, '#75bcd1'], [10, 8.0, '#75bcd1'], [11, 7.5, '#75bcd1'], [12, 7.4, '#75bcd1'], [13, 8.5, '#75bcd1'], [14, 7.9, '#b93efe'], [15, 7.5, '#b93efe'], [16, 8.4, '#b93efe'], [17, 8.0, '#b93efe'], [18, 8.1, '#b93efe'], [19, 7.6, '#b93efe'], [20, 8.0, '#b93efe'], [21, 7.8, '#b93efe'], [22, 8.0, '#b93efe'], [23, 7.7, '#b93efe'], [24, 8.4, '#b93efe'], [25, 7.8, '#b93efe'], [26, 8.9, '#b93efe'], [27, 8.5, '#b53871'], [28, 7.7, '#b53871'], [29, 8.2, '#b53871'], [30, 7.5, '#b53871'], [31, 8.5, '#b53871'], [32, 8.2, '#b53871'], [33, 7.2, '#b53871'], [34, 8.0, '#b53871'], [35, 7.8, '#b53871'], [36, 7.5, '#b53871'], [37, 8.2, '#b53871'], [38, 8.4, '#b53871'], [39, 7.9, '#b53871'], [40, 8.2, '#671908'], [41, 8.0, '#671908'], [42, 7.9, '#671908'], [43, 7.9, '#671908'], [44, 7.3, '#671908'], [45, 7.3, '#671908'], [46, 8.3, '#671908'], [47, 8.1, '#671908'], [48, 8.0, '#671908'], [49, 8.1, '#671908'], [50, 9.1, '#671908'], [51, 9.0, '#671908']]"
'235918',The Fairly OddParents,159,"[[1, 8.0, '#c9b1fe'], [2, 7.9, '#c9b1fe'], [3, 7.3, '#c9b1fe'], [4, 7.5, '#c9b1fe'], [5, 7.6, '#c9b1fe'], [6, 7.5, '#c9b1fe'], [7, 7.9, '#c9b1fe'], [8, 7.4, '#17d2cd'], [9, 7.0, '#17d2cd'], [10, 7.2, '#17d2cd'], [11, 7.2, '#17d2cd'], [12, 6.9, '#17d2cd'], [13, 7.2, '#17d2cd'], [14, 7.1, '#17d2cd'], [15, 7.1, '#17d2cd'], [16, 7.2, '#17d2cd'], [17, 6.9, '#17d2cd'], [18, 7.2, '#17d2cd'], [19, 7.8, '#17d2cd'], [20, 7.2, '#17d2cd'], [21, 7.0, '#17d2cd'], [22, 7.0, '#17d2cd'], [23, 7.7, '#b584a7'], [24, 7.1, '#b584a7'], [25, 5.7, '#b584a7'], [26, 6.6, '#b584a7'], [27, 7.3, '#b584a7'], [28, 6.7, '#b584a7'], [29, 6.8, '#b584a7'], [30, 7.5, '#b584a7'], [31, 7.5, '#b584a7'], [32, 7.1, '#b584a7'], [33, 7.0, '#b584a7'], [34, 6.6, '#b584a7'], [35, 7.0, '#b584a7'], [36, 7.1, '#b584a7'], [37, 6.6, '#b584a7'], [38, 6.5, '#b584a7'], [39, 6.9, '#b584a7'], [40, 8.0, '#edc2d5'], [41, 6.9, '#edc2d5'], [42, 6.7, '#edc2d5'], [43, 7.0, '#edc2d5'], [44, 7.1, '#edc2d5'], [45, 6.3, '#edc2d5'], [46, 6.7, '#edc2d5'], [47, 8.1, '#edc2d5'], [48, 7.1, '#edc2d5'], [49, 6.3, '#edc2d5'], [50, 6.7, '#edc2d5'], [51, 7.2, '#edc2d5'], [52, 6.8, '#760573'], [53, 6.6, '#760573'], [54, 6.9, '#760573'], [55, 7.0, '#760573'], [56, 6.9, '#760573'], [57, 6.8, '#760573'], [58, 6.7, '#760573'], [59, 5.0, '#760573'], [60, 7.4, '#760573'], [61, 6.9, '#760573'], [62, 6.8, '#760573'], [63, 7.3, '#760573'], [64, 6.7, '#760573'], [65, 7.0, '#760573'], [66, 6.5, '#760573'], [67, 6.7, '#760573'], [68, 7.2, '#760573'], [69, 6.8, '#760573'], [70, 7.1, '#760573'], [71, 5.2, '#760573'], [72, 7.5, '#760573'], [73, 6.5, '#bb58cd'], [74, 6.6, '#bb58cd'], [75, 6.3, '#bb58cd'], [76, 6.4, '#bb58cd'], [77, 6.4, '#bb58cd'], [78, 6.5, '#bb58cd'], [79, 6.6, '#bb58cd'], [80, 6.4, '#bb58cd'], [81, 6.0, '#bb58cd'], [82, 5.9, '#bb58cd'], [83, 6.7, '#bb58cd'], [84, 7.0, '#bb58cd'], [85, 7.7, '#31358c'], [86, 7.6, '#31358c'], [87, 7.4, '#31358c'], [88, 6.3, '#31358c'], [89, 6.4, '#31358c'], [90, 6.7, '#31358c'], [91, 6.5, '#31358c'], [92, 6.2, '#31358c'], [93, 6.4, '#31358c'], [94, 6.2, '#31358c'], [95, 6.5, '#31358c'], [96, 5.5, '#31358c'], [97, 6.2, '#31358c'], [98, 6.3, '#31358c'], [99, 6.0, '#31358c'], [100, 5.7, '#31358c'], [101, 5.7, '#31358c'], [102, 6.8, '#31358c'], [103, 6.8, '#a1aca5'], [104, 5.8, '#a1aca5'], [105, 6.6, '#a1aca5'], [106, 6.3, '#a1aca5'], [107, 6.4, '#a1aca5'], [108, 6.2, '#a1aca5'], [109, 6.3, '#a1aca5'], [110, 6.4, '#a1aca5'], [111, 6.5, '#a1aca5'], [112, 6.9, '#a1aca5'], [113, 7.1, '#a1aca5'], [114, 4.9, '#d3292d'], [115, 6.1, '#d3292d'], [116, 6.2, '#d3292d'], [117, 6.1, '#d3292d'], [118, 6.5, '#d3292d'], [119, 6.0, '#d3292d'], [120, 6.5, '#d3292d'], [121, 6.0, '#d3292d'], [122, 5.8, '#d3292d'], [123, 5.2, '#d3292d'], [124, 6.7, '#d3292d'], [125, 5.7, '#d3292d'], [126, 5.4, '#d3292d'], [127, 5.8, '#d3292d'], [128, 6.1, '#d3292d'], [129, 6.1, '#d3292d'], [130, 5.0, '#d3292d'], [131, 5.7, '#d3292d'], [132, 6.2, '#d3292d'], [133, 6.2, '#d3292d'], [134, 5.4, '#d3292d'], [135, 6.0, '#d3292d'], [136, 6.3, '#d3292d'], [137, 6.0, '#d3292d'], [138, 5.8, '#d3292d'], [139, 6.9, '#d3292d'], [140, 3.5, '#433b73'], [141, 5.4, '#433b73'], [142, 4.8, '#433b73'], [143, 5.8, '#433b73'], [144, 5.8, '#433b73'], [145, 6.4, '#433b73'], [146, 7.4, '#433b73'], [147, 6.1, '#433b73'], [148, 6.2, '#433b73'], [149, 6.3, '#433b73'], [150, 4.1, '#433b73'], [151, 6.2, '#433b73'], [152, 4.6, '#433b73'], [153, 6.2, '#433b73'], [154, 4.2, '#433b73'], [155, 3.2, '#433b73'], [156, 5.3, '#433b73'], [157, 6.3, '#433b73'], [158, 5.0, '#433b73'], [159, 4.6, '#433b73']]"
'417299',Avatar: The Last Airbender,61,"[[1, 8.1, '#a222f'], [2, 8.3, '#a222f'], [3, 8.5, '#a222f'], [4, 8.2, '#a222f'], [5, 8.2, '#a222f'], [6, 8.0, '#a222f'], [7, 8.2, '#a222f'], [8, 8.9, '#a222f'], [9, 8.0, '#a222f'], [10, 7.8, '#a222f'], [11, 7.1, '#a222f'], [12, 9.0, '#a222f'], [13, 9.1, '#a222f'], [14, 7.9, '#a222f'], [15, 7.9, '#a222f'], [16, 8.5, '#a222f'], [17, 8.1, '#a222f'], [18, 8.6, '#a222f'], [19, 9.4, '#a222f'], [20, 9.7, '#a222f'], [21, 8.7, '#b5763a'], [22, 8.2, '#b5763a'], [23, 8.4, '#b5763a'], [24, 7.8, '#b5763a'], [25, 7.6, '#b5763a'], [26, 9.2, '#b5763a'], [27, 9.5, '#b5763a'], [28, 9.0, '#b5763a'], [29, 8.6, '#b5763a'], [30, 8.8, '#b5763a'], [31, 8.8, '#b5763a'], [32, 8.4, '#b5763a'], [33, 9.0, '#b5763a'], [34, 8.7, '#b5763a'], [35, 9.2, '#b5763a'], [36, 8.8, '#b5763a'], [37, 9.0, '#b5763a'], [38, 8.6, '#b5763a'], [39, 9.0, '#b5763a'], [40, 9.6, '#b5763a'], [41, 8.7, '#e7702c'], [42, 8.4, '#e7702c'], [43, 8.0, '#e7702c'], [44, 8.8, '#e7702c'], [45, 8.5, '#e7702c'], [46, 9.5, '#e7702c'], [47, 8.2, '#e7702c'], [48, 9.1, '#e7702c'], [49, 7.8, '#e7702c'], [50, 9.1, '#e7702c'], [51, 9.4, '#e7702c'], [52, 8.9, '#e7702c'], [53, 9.2, '#e7702c'], [54, 8.7, '#e7702c'], [55, 9.2, '#e7702c'], [56, 8.9, '#e7702c'], [57, 8.6, '#e7702c'], [58, 9.1, '#e7702c'], [59, 9.5, '#e7702c'], [60, 9.8, '#e7702c'], [61, 9.8, '#e7702c']]"
'366005',Danny Phantom,49,"[[1, 7.3, '#42108'], [2, 7.6, '#42108'], [3, 7.7, '#42108'], [4, 7.8, '#42108'], [5, 8.0, '#42108'], [6, 7.8, '#42108'], [7, 8.3, '#42108'], [8, 7.9, '#42108'], [9, 8.5, '#42108'], [10, 7.7, '#42108'], [11, 8.6, '#42108'], [12, 8.1, '#42108'], [13, 7.7, '#42108'], [14, 7.5, '#42108'], [15, 8.0, '#42108'], [16, 7.7, '#42108'], [17, 8.4, '#42108'], [18, 7.8, '#42108'], [19, 7.8, '#42108'], [20, 8.3, '#42108'], [21, 8.4, '#d7ffc6'], [22, 7.9, '#d7ffc6'], [23, 7.7, '#d7ffc6'], [24, 8.5, '#d7ffc6'], [25, 8.0, '#d7ffc6'], [26, 9.0, '#d7ffc6'], [27, 7.4, '#d7ffc6'], [28, 7.9, '#d7ffc6'], [29, 7.8, '#d7ffc6'], [30, 7.9, '#d7ffc6'], [31, 8.0, '#d7ffc6'], [32, 7.9, '#d7ffc6'], [33, 7.5, '#d7ffc6'], [34, 8.3, '#d7ffc6'], [35, 8.4, '#d7ffc6'], [36, 7.8, '#d7ffc6'], [37, 8.5, '#d7ffc6'], [38, 7.8, '#946df1'], [39, 7.9, '#946df1'], [40, 7.5, '#946df1'], [41, 7.6, '#946df1'], [42, 8.6, '#946df1'], [43, 7.8, '#946df1'], [44, 7.2, '#946df1'], [45, 7.3, '#946df1'], [46, 8.1, '#946df1'], [47, 7.8, '#946df1'], [48, 8.0, '#946df1'], [49, 8.1, '#946df1']]"
'206512',SpongeBob SquarePants,251,"[[1, 8.7, '#c81d90'], [2, 8.6, '#c81d90'], [3, 8.5, '#c81d90'], [4, 8.6, '#c81d90'], [5, 9.2, '#c81d90'], [6, 8.6, '#c81d90'], [7, 8.6, '#c81d90'], [8, 8.4, '#c81d90'], [9, 8.5, '#c81d90'], [10, 8.8, '#c81d90'], [11, 8.5, '#c81d90'], [12, 8.5, '#c81d90'], [13, 8.5, '#c81d90'], [14, 9.1, '#c81d90'], [15, 8.8, '#c81d90'], [16, 8.5, '#c81d90'], [17, 9.3, '#c81d90'], [18, 8.6, '#c81d90'], [19, 8.5, '#c81d90'], [20, 8.8, '#c81d90'], [21, 8.8, '#c31d6b'], [22, 8.9, '#c31d6b'], [23, 8.9, '#c31d6b'], [24, 9.3, '#c31d6b'], [25, 8.8, '#c31d6b'], [26, 8.7, '#c31d6b'], [27, 9.0, '#c31d6b'], [28, 8.8, '#c31d6b'], [29, 8.8, '#c31d6b'], [30, 8.6, '#c31d6b'], [31, 8.9, '#c31d6b'], [32, 8.6, '#c31d6b'], [33, 9.1, '#c31d6b'], [34, 9.3, '#c31d6b'], [35, 9.8, '#c31d6b'], [36, 9.3, '#c31d6b'], [37, 8.6, '#c31d6b'], [38, 9.2, '#c31d6b'], [39, 9.0, '#c31d6b'], [40, 8.8, '#c31d6b'], [41, 8.8, '#ab49f3'], [42, 9.1, '#ab49f3'], [43, 9.1, '#ab49f3'], [44, 9.5, '#ab49f3'], [45, 8.7, '#ab49f3'], [46, 9.2, '#ab49f3'], [47, 8.8, '#ab49f3'], [48, 9.1, '#ab49f3'], [49, 9.0, '#ab49f3'], [50, 9.5, '#ab49f3'], [51, 8.0, '#ab49f3'], [52, 9.6, '#ab49f3'], [53, 8.8, '#ab49f3'], [54, 8.3, '#ab49f3'], [55, 8.6, '#ab49f3'], [56, 8.7, '#ab49f3'], [57, 9.1, '#ab49f3'], [58, 8.7, '#ab49f3'], [59, 8.0, '#ab49f3'], [60, 9.1, '#ab49f3'], [61, 8.1, '#18d831'], [62, 8.4, '#18d831'], [63, 8.5, '#18d831'], [64, 7.6, '#18d831'], [65, 7.6, '#18d831'], [66, 8.2, '#18d831'], [67, 7.9, '#18d831'], [68, 7.6, '#18d831'], [69, 8.6, '#18d831'], [70, 7.6, '#18d831'], [71, 7.4, '#18d831'], [72, 7.3, '#18d831'], [73, 7.5, '#18d831'], [74, 7.3, '#18d831'], [75, 7.3, '#18d831'], [76, 7.2, '#18d831'], [77, 7.0, '#18d831'], [78, 7.8, '#18d831'], [79, 7.2, '#18d831'], [80, 6.9, '#18d831'], [81, 8.1, '#cb5896'], [82, 7.3, '#cb5896'], [83, 6.3, '#cb5896'], [84, 7.1, '#cb5896'], [85, 8.1, '#cb5896'], [86, 7.9, '#cb5896'], [87, 5.8, '#cb5896'], [88, 7.0, '#cb5896'], [89, 7.7, '#cb5896'], [90, 7.0, '#cb5896'], [91, 7.1, '#cb5896'], [92, 5.7, '#cb5896'], [93, 6.6, '#cb5896'], [94, 7.3, '#cb5896'], [95, 7.6, '#cb5896'], [96, 7.2, '#cb5896'], [97, 7.1, '#cb5896'], [98, 6.3, '#cb5896'], [99, 7.2, '#cb5896'], [100, 6.8, '#cb5896'], [101, 6.7, '#b91440'], [102, 6.3, '#b91440'], [103, 7.1, '#b91440'], [104, 7.2, '#b91440'], [105, 3.8, '#b91440'], [106, 6.8, '#b91440'], [107, 6.5, '#b91440'], [108, 6.6, '#b91440'], [109, 6.0, '#b91440'], [110, 6.9, '#b91440'], [111, 7.4, '#b91440'], [112, 5.8, '#b91440'], [113, 6.5, '#b91440'], [114, 6.0, '#b91440'], [115, 6.5, '#b91440'], [116, 5.7, '#b91440'], [117, 5.5, '#b91440'], [118, 5.4, '#b91440'], [119, 6.5, '#b91440'], [120, 6.8, '#b91440'], [121, 7.7, '#b91440'], [122, 7.4, '#b91440'], [123, 5.7, '#b91440'], [124, 6.6, '#fed451'], [125, 4.2, '#fed451'], [126, 5.8, '#fed451'], [127, 6.4, '#fed451'], [128, 3.3, '#fed451'], [129, 6.0, '#fed451'], [130, 7.6, '#fed451'], [131, 7.0, '#fed451'], [132, 7.5, '#fed451'], [133, 5.3, '#fed451'], [134, 3.6, '#fed451'], [135, 6.0, '#fed451'], [136, 6.1, '#fed451'], [137, 7.0, '#fed451'], [138, 6.6, '#fed451'], [139, 5.5, '#fed451'], [140, 6.8, '#fed451'], [141, 6.8, '#fed451'], [142, 7.3, '#fed451'], [143, 7.3, '#fed451'], [144, 6.5, '#fed451'], [145, 7.1, '#fed451'], [146, 6.5, '#fed451'], [147, 7.0, '#fed451'], [148, 6.5, '#fed451'], [149, 6.2, '#fed451'], [150, 7.1, '#520d3f'], [151, 7.0, '#520d3f'], [152, 6.8, '#520d3f'], [153, 7.4, '#520d3f'], [154, 6.4, '#520d3f'], [155, 6.5, '#520d3f'], [156, 6.1, '#520d3f'], [157, 6.4, '#520d3f'], [158, 6.9, '#520d3f'], [159, 7.1, '#520d3f'], [160, 7.5, '#520d3f'], [161, 5.1, '#520d3f'], [162, 5.5, '#520d3f'], [163, 6.6, '#520d3f'], [164, 6.5, '#520d3f'], [165, 6.0, '#520d3f'], [166, 6.7, '#520d3f'], [167, 6.6, '#520d3f'], [168, 6.9, '#520d3f'], [169, 5.4, '#520d3f'], [170, 4.6, '#520d3f'], [171, 7.0, '#520d3f'], [172, 7.2, '#520d3f'], [173, 7.0, '#520d3f'], [174, 6.8, '#520d3f'], [175, 7.2, '#520d3f'], [176, 6.6, '#c927a1'], [177, 6.9, '#c927a1'], [178, 6.0, '#c927a1'], [179, 5.2, '#c927a1'], [180, 6.8, '#c927a1'], [181, 7.8, '#c927a1'], [182, 7.2, '#c927a1'], [183, 8.1, '#c927a1'], [184, 7.8, '#c927a1'], [185, 7.0, '#c927a1'], [186, 4.7, '#c927a1'], [187, 8.0, '#c927a1'], [188, 8.0, '#c927a1'], [189, 8.0, '#c927a1'], [190, 7.9, '#c927a1'], [191, 8.0, '#c927a1'], [192, 7.7, '#c927a1'], [193, 7.6, '#c927a1'], [194, 8.2, '#c927a1'], [195, 8.2, '#c927a1'], [196, 8.1, '#c927a1'], [197, 8.3, '#c927a1'], [198, 8.4, '#c927a1'], [199, 8.2, '#c927a1'], [200, 8.2, '#c927a1'], [201, 8.3, '#c927a1'], [202, 7.6, '#8f9906'], [203, 8.4, '#8f9906'], [204, 8.3, '#8f9906'], [205, 8.4, '#8f9906'], [206, 8.3, '#8f9906'], [207, 8.5, '#8f9906'], [208, 8.1, '#8f9906'], [209, 8.0, '#8f9906'], [210, 8.2, '#8f9906'], [211, 5.0, '#8f9906'], [212, 8.3, '#8f9906'], [213, 7.9, '#4b43ed'], [214, 8.2, '#4b43ed'], [215, 8.0, '#4b43ed'], [216, 7.9, '#4b43ed'], [217, 8.3, '#4b43ed'], [218, 8.0, '#4b43ed'], [219, 7.9, '#4b43ed'], [220, 7.1, '#4b43ed'], [221, 8.3, '#4b43ed'], [222, 7.0, '#4b43ed'], [223, 7.6, '#4b43ed'], [224, 7.7, '#4b43ed'], [225, 7.4, '#4b43ed'], [226, 7.8, '#4b43ed'], [227, 7.6, '#4b43ed'], [228, 4.8, '#4b43ed'], [229, 7.7, '#4b43ed'], [230, 8.2, '#4b43ed'], [231, 6.4, '#4b43ed'], [232, 6.5, '#4b43ed'], [233, 6.2, '#4b43ed'], [234, 8.2, '#4b43ed'], [235, 8.1, '#4b43ed'], [236, 6.7, '#4b43ed'], [237, 6.5, '#4b43ed'], [238, 7.9, '#4b43ed'], [239, 6.3, '#bc0a2c'], [240, 5.5, '#bc0a2c'], [241, 6.9, '#bc0a2c'], [242, 8.1, '#bc0a2c'], [243, 8.2, '#bc0a2c'], [244, 8.7, '#bc0a2c'], [245, 8.6, '#bc0a2c'], [246, 8.2, '#bc0a2c'], [247, 8.4, '#bc0a2c'], [248, 8.3, '#bc0a2c'], [249, 8.5, '#bc0a2c'], [250, 8.4, '#bc0a2c'], [251, 9.1, '#bc0a2c']]"
'2193021',Arrow,170,"[[1, 8.5, '#7ea6cb'], [2, 8.2, '#7ea6cb'], [3, 8.4, '#7ea6cb'], [4, 8.4, '#7ea6cb'], [5, 8.6, '#7ea6cb'], [6, 8.0, '#7ea6cb'], [7, 8.2, '#7ea6cb'], [8, 8.1, '#7ea6cb'], [9, 8.4, '#7ea6cb'], [10, 7.9, '#7ea6cb'], [11, 8.2, '#7ea6cb'], [12, 8.4, '#7ea6cb'], [13, 8.6, '#7ea6cb'], [14, 8.9, '#7ea6cb'], [15, 8.1, '#7ea6cb'], [16, 8.8, '#7ea6cb'], [17, 8.2, '#7ea6cb'], [18, 8.4, '#7ea6cb'], [19, 8.2, '#7ea6cb'], [20, 8.5, '#7ea6cb'], [21, 8.8, '#7ea6cb'], [22, 9.1, '#7ea6cb'], [23, 9.5, '#7ea6cb'], [24, 8.7, '#a0988d'], [25, 8.5, '#a0988d'], [26, 8.7, '#a0988d'], [27, 8.7, '#a0988d'], [28, 8.8, '#a0988d'], [29, 8.5, '#a0988d'], [30, 8.5, '#a0988d'], [31, 9.1, '#a0988d'], [32, 9.3, '#a0988d'], [33, 8.3, '#a0988d'], [34, 8.6, '#a0988d'], [35, 8.7, '#a0988d'], [36, 8.7, '#a0988d'], [37, 8.8, '#a0988d'], [38, 9.2, '#a0988d'], [39, 8.6, '#a0988d'], [40, 8.2, '#a0988d'], [41, 9.3, '#a0988d'], [42, 9.0, '#a0988d'], [43, 9.4, '#a0988d'], [44, 9.0, '#a0988d'], [45, 9.3, '#a0988d'], [46, 9.5, '#a0988d'], [47, 8.9, '#dd52ad'], [48, 8.5, '#dd52ad'], [49, 8.3, '#dd52ad'], [50, 8.5, '#dd52ad'], [51, 8.4, '#dd52ad'], [52, 8.2, '#dd52ad'], [53, 8.1, '#dd52ad'], [54, 9.2, '#dd52ad'], [55, 9.6, '#dd52ad'], [56, 8.5, '#dd52ad'], [57, 8.0, '#dd52ad'], [58, 8.6, '#dd52ad'], [59, 8.4, '#dd52ad'], [60, 8.4, '#dd52ad'], [61, 8.9, '#dd52ad'], [62, 8.4, '#dd52ad'], [63, 8.5, '#dd52ad'], [64, 8.9, '#dd52ad'], [65, 9.0, '#dd52ad'], [66, 8.7, '#dd52ad'], [67, 8.5, '#dd52ad'], [68, 8.8, '#dd52ad'], [69, 8.2, '#dd52ad'], [70, 8.4, '#6424d2'], [71, 8.0, '#6424d2'], [72, 8.1, '#6424d2'], [73, 8.2, '#6424d2'], [74, 8.9, '#6424d2'], [75, 8.0, '#6424d2'], [76, 8.1, '#6424d2'], [77, 9.0, '#6424d2'], [78, 8.8, '#6424d2'], [79, 7.9, '#6424d2'], [80, 7.8, '#6424d2'], [81, 8.2, '#6424d2'], [82, 8.3, '#6424d2'], [83, 7.7, '#6424d2'], [84, 8.1, '#6424d2'], [85, 6.1, '#6424d2'], [86, 6.6, '#6424d2'], [87, 7.2, '#6424d2'], [88, 6.6, '#6424d2'], [89, 7.4, '#6424d2'], [90, 7.1, '#6424d2'], [91, 7.0, '#6424d2'], [92, 5.5, '#6424d2'], [93, 8.4, '#d039f9'], [94, 8.2, '#d039f9'], [95, 8.2, '#d039f9'], [96, 8.2, '#d039f9'], [97, 8.6, '#d039f9'], [98, 8.3, '#d039f9'], [99, 8.3, '#d039f9'], [100, 9.1, '#d039f9'], [101, 9.2, '#d039f9'], [102, 7.9, '#d039f9'], [103, 8.2, '#d039f9'], [104, 8.1, '#d039f9'], [105, 7.5, '#d039f9'], [106, 7.8, '#d039f9'], [107, 8.5, '#d039f9'], [108, 9.0, '#d039f9'], [109, 9.2, '#d039f9'], [110, 8.5, '#d039f9'], [111, 7.9, '#d039f9'], [112, 7.7, '#d039f9'], [113, 8.2, '#d039f9'], [114, 9.1, '#d039f9'], [115, 9.7, '#d039f9'], [116, 7.9, '#77320'], [117, 8.0, '#77320'], [118, 7.9, '#77320'], [119, 7.4, '#77320'], [120, 8.7, '#77320'], [121, 8.5, '#77320'], [122, 7.9, '#77320'], [123, 8.7, '#77320'], [124, 7.3, '#77320'], [125, 7.5, '#77320'], [126, 7.8, '#77320'], [127, 8.0, '#77320'], [128, 8.2, '#77320'], [129, 7.4, '#77320'], [130, 8.2, '#77320'], [131, 8.0, '#77320'], [132, 7.9, '#77320'], [133, 8.7, '#77320'], [134, 8.1, '#77320'], [135, 8.1, '#77320'], [136, 8.9, '#77320'], [137, 8.5, '#77320'], [138, 8.8, '#77320'], [139, 9.1, '#f8fe39'], [140, 8.0, '#f8fe39'], [141, 8.3, '#f8fe39'], [142, 8.2, '#f8fe39'], [143, 8.6, '#f8fe39'], [144, 8.4, '#f8fe39'], [145, 9.4, '#f8fe39'], [146, 8.4, '#f8fe39'], [147, 9.0, '#f8fe39'], [148, 7.5, '#f8fe39'], [149, 7.9, '#f8fe39'], [150, 8.7, '#f8fe39'], [151, 8.2, '#f8fe39'], [152, 8.0, '#f8fe39'], [153, 7.7, '#f8fe39'], [154, 7.8, '#f8fe39'], [155, 8.2, '#f8fe39'], [156, 7.4, '#f8fe39'], [157, 7.8, '#f8fe39'], [158, 8.6, '#f8fe39'], [159, 8.2, '#f8fe39'], [160, 8.8, '#f8fe39'], [161, 9.2, '#8ba671'], [162, 8.4, '#8ba671'], [163, 8.8, '#8ba671'], [164, 8.9, '#8ba671'], [165, 8.6, '#8ba671'], [166, 9.0, '#8ba671'], [167, 8.9, '#8ba671'], [168, 8.7, '#8ba671'], [169, 7.1, '#8ba671'], [170, 9.5, '#8ba671']]"
'1266020',Parks and Recreation,124,"[[1, 7.1, '#9f8b50'], [2, 7.1, '#9f8b50'], [3, 7.2, '#9f8b50'], [4, 7.4, '#9f8b50'], [5, 7.2, '#9f8b50'], [6, 7.8, '#9f8b50'], [7, 8.0, '#eaf34d'], [8, 8.2, '#eaf34d'], [9, 7.8, '#eaf34d'], [10, 8.4, '#eaf34d'], [11, 7.7, '#eaf34d'], [12, 7.7, '#eaf34d'], [13, 8.4, '#eaf34d'], [14, 8.4, '#eaf34d'], [15, 7.9, '#eaf34d'], [16, 8.8, '#eaf34d'], [17, 7.9, '#eaf34d'], [18, 8.1, '#eaf34d'], [19, 8.1, '#eaf34d'], [20, 8.0, '#eaf34d'], [21, 8.0, '#eaf34d'], [22, 7.7, '#eaf34d'], [23, 8.1, '#eaf34d'], [24, 8.1, '#eaf34d'], [25, 8.3, '#eaf34d'], [26, 8.0, '#eaf34d'], [27, 8.6, '#eaf34d'], [28, 8.4, '#eaf34d'], [29, 8.6, '#eaf34d'], [30, 8.7, '#eaf34d'], [31, 8.2, '#50ceaf'], [32, 9.0, '#50ceaf'], [33, 8.2, '#50ceaf'], [34, 8.6, '#50ceaf'], [35, 8.1, '#50ceaf'], [36, 8.1, '#50ceaf'], [37, 8.8, '#50ceaf'], [38, 8.1, '#50ceaf'], [39, 9.0, '#50ceaf'], [40, 8.6, '#50ceaf'], [41, 8.7, '#50ceaf'], [42, 8.3, '#50ceaf'], [43, 8.9, '#50ceaf'], [44, 8.6, '#50ceaf'], [45, 8.2, '#50ceaf'], [46, 8.9, '#50ceaf'], [47, 8.2, '#616359'], [48, 8.7, '#616359'], [49, 8.2, '#616359'], [50, 8.4, '#616359'], [51, 7.9, '#616359'], [52, 8.6, '#616359'], [53, 8.1, '#616359'], [54, 8.1, '#616359'], [55, 8.5, '#616359'], [56, 8.5, '#616359'], [57, 8.6, '#616359'], [58, 8.5, '#616359'], [59, 8.7, '#616359'], [60, 8.3, '#616359'], [61, 8.0, '#616359'], [62, 7.8, '#616359'], [63, 8.0, '#616359'], [64, 8.0, '#616359'], [65, 8.0, '#616359'], [66, 8.9, '#616359'], [67, 8.3, '#616359'], [68, 9.1, '#616359'], [69, 8.0, '#daa979'], [70, 8.0, '#daa979'], [71, 8.1, '#daa979'], [72, 8.2, '#daa979'], [73, 8.8, '#daa979'], [74, 7.9, '#daa979'], [75, 7.9, '#daa979'], [76, 7.9, '#daa979'], [77, 9.0, '#daa979'], [78, 8.9, '#daa979'], [79, 8.2, '#daa979'], [80, 7.8, '#daa979'], [81, 8.7, '#daa979'], [82, 9.3, '#daa979'], [83, 8.0, '#daa979'], [84, 8.2, '#daa979'], [85, 7.7, '#daa979'], [86, 8.4, '#daa979'], [87, 8.1, '#daa979'], [88, 8.2, '#daa979'], [89, 7.7, '#daa979'], [90, 8.4, '#daa979'], [91, 8.6, '#63e36b'], [92, 8.7, '#63e36b'], [93, 7.8, '#63e36b'], [94, 8.1, '#63e36b'], [95, 7.9, '#63e36b'], [96, 8.2, '#63e36b'], [97, 7.7, '#63e36b'], [98, 7.8, '#63e36b'], [99, 8.3, '#63e36b'], [100, 7.7, '#63e36b'], [101, 7.7, '#63e36b'], [102, 7.8, '#63e36b'], [103, 9.0, '#63e36b'], [104, 8.0, '#63e36b'], [105, 7.8, '#63e36b'], [106, 7.6, '#63e36b'], [107, 7.8, '#63e36b'], [108, 7.8, '#63e36b'], [109, 8.5, '#63e36b'], [110, 8.3, '#63e36b'], [111, 9.0, '#63e36b'], [112, 9.4, '#63e36b'], [113, 7.8, '#e0d827'], [114, 8.3, '#e0d827'], [115, 7.5, '#e0d827'], [116, 9.6, '#e0d827'], [117, 8.3, '#e0d827'], [118, 8.2, '#e0d827'], [119, 8.5, '#e0d827'], [120, 8.2, '#e0d827'], [121, 8.5, '#e0d827'], [122, 8.5, '#e0d827'], [123, 8.6, '#e0d827'], [124, 9.6, '#e0d827']]"
'386676',The Office,187,"[[1, 7.5, '#a7fd98'], [2, 8.3, '#a7fd98'], [3, 7.8, '#a7fd98'], [4, 8.1, '#a7fd98'], [5, 8.4, '#a7fd98'], [6, 7.8, '#a7fd98'], [7, 8.7, '#2440fb'], [8, 8.2, '#2440fb'], [9, 8.4, '#2440fb'], [10, 8.4, '#2440fb'], [11, 8.1, '#2440fb'], [12, 8.2, '#2440fb'], [13, 8.6, '#2440fb'], [14, 8.2, '#2440fb'], [15, 8.4, '#2440fb'], [16, 8.9, '#2440fb'], [17, 8.6, '#2440fb'], [18, 9.1, '#2440fb'], [19, 8.3, '#2440fb'], [20, 7.8, '#2440fb'], [21, 8.2, '#2440fb'], [22, 8.3, '#2440fb'], [23, 8.5, '#2440fb'], [24, 8.3, '#2440fb'], [25, 8.1, '#2440fb'], [26, 8.4, '#2440fb'], [27, 8.7, '#2440fb'], [28, 9.4, '#2440fb'], [29, 9.0, '#51cca'], [30, 8.2, '#51cca'], [31, 8.5, '#51cca'], [32, 8.0, '#51cca'], [33, 8.1, '#51cca'], [34, 7.9, '#51cca'], [35, 8.6, '#51cca'], [36, 8.7, '#51cca'], [37, 8.3, '#51cca'], [38, 8.8, '#51cca'], [39, 8.5, '#51cca'], [40, 8.6, '#51cca'], [41, 8.8, '#51cca'], [42, 8.1, '#51cca'], [43, 8.2, '#51cca'], [44, 8.9, '#51cca'], [45, 8.5, '#51cca'], [46, 9.0, '#51cca'], [47, 8.8, '#51cca'], [48, 8.7, '#51cca'], [49, 8.8, '#51cca'], [50, 9.2, '#51cca'], [51, 9.3, '#51cca'], [52, 8.8, '#5a4d3f'], [53, 8.3, '#5a4d3f'], [54, 8.4, '#5a4d3f'], [55, 8.7, '#5a4d3f'], [56, 8.8, '#5a4d3f'], [57, 8.5, '#5a4d3f'], [58, 8.2, '#5a4d3f'], [59, 8.7, '#5a4d3f'], [60, 9.5, '#5a4d3f'], [61, 8.0, '#5a4d3f'], [62, 8.6, '#5a4d3f'], [63, 8.3, '#5a4d3f'], [64, 7.8, '#5a4d3f'], [65, 9.3, '#5a4d3f'], [66, 8.8, '#1594e9'], [67, 8.3, '#1594e9'], [68, 8.0, '#1594e9'], [69, 8.1, '#1594e9'], [70, 8.0, '#1594e9'], [71, 8.5, '#1594e9'], [72, 8.2, '#1594e9'], [73, 8.6, '#1594e9'], [74, 8.8, '#1594e9'], [75, 8.4, '#1594e9'], [76, 8.7, '#1594e9'], [77, 8.0, '#1594e9'], [78, 9.7, '#1594e9'], [79, 8.2, '#1594e9'], [80, 8.2, '#1594e9'], [81, 8.0, '#1594e9'], [82, 8.7, '#1594e9'], [83, 8.3, '#1594e9'], [84, 8.4, '#1594e9'], [85, 8.3, '#1594e9'], [86, 8.7, '#1594e9'], [87, 8.7, '#1594e9'], [88, 9.2, '#1594e9'], [89, 8.3, '#1594e9'], [90, 8.7, '#1594e9'], [91, 8.8, '#2bc011'], [92, 8.1, '#2bc011'], [93, 8.0, '#2bc011'], [94, 9.4, '#2bc011'], [95, 9.4, '#2bc011'], [96, 7.6, '#2bc011'], [97, 8.6, '#2bc011'], [98, 8.2, '#2bc011'], [99, 8.1, '#2bc011'], [100, 8.7, '#2bc011'], [101, 8.2, '#2bc011'], [102, 8.3, '#2bc011'], [103, 8.5, '#2bc011'], [104, 6.8, '#2bc011'], [105, 7.7, '#2bc011'], [106, 8.1, '#2bc011'], [107, 8.4, '#2bc011'], [108, 8.5, '#2bc011'], [109, 7.7, '#2bc011'], [110, 7.8, '#2bc011'], [111, 8.6, '#2bc011'], [112, 7.8, '#2bc011'], [113, 8.0, '#2bc011'], [114, 8.1, '#2bc011'], [115, 7.8, '#2bc011'], [116, 8.0, '#2bc011'], [117, 8.4, '#ac497b'], [118, 8.2, '#ac497b'], [119, 8.2, '#ac497b'], [120, 7.8, '#ac497b'], [121, 7.8, '#ac497b'], [122, 8.2, '#ac497b'], [123, 7.4, '#ac497b'], [124, 7.8, '#ac497b'], [125, 7.7, '#ac497b'], [126, 8.2, '#ac497b'], [127, 9.0, '#ac497b'], [128, 8.3, '#ac497b'], [129, 7.6, '#ac497b'], [130, 8.5, '#ac497b'], [131, 8.4, '#ac497b'], [132, 9.4, '#ac497b'], [133, 7.5, '#ac497b'], [134, 9.3, '#ac497b'], [135, 7.8, '#ac497b'], [136, 9.0, '#ac497b'], [137, 9.8, '#ac497b'], [138, 7.6, '#ac497b'], [139, 8.7, '#ac497b'], [140, 8.8, '#ac497b'], [141, 8.1, '#46285'], [142, 8.1, '#46285'], [143, 7.3, '#46285'], [144, 8.1, '#46285'], [145, 7.5, '#46285'], [146, 7.7, '#46285'], [147, 7.7, '#46285'], [148, 6.9, '#46285'], [149, 7.7, '#46285'], [150, 7.9, '#46285'], [151, 7.9, '#46285'], [152, 8.0, '#46285'], [153, 7.4, '#46285'], [154, 7.7, '#46285'], [155, 7.8, '#46285'], [156, 8.1, '#46285'], [157, 7.8, '#46285'], [158, 7.8, '#46285'], [159, 6.6, '#46285'], [160, 7.1, '#46285'], [161, 7.1, '#46285'], [162, 7.0, '#46285'], [163, 7.6, '#46285'], [164, 7.7, '#46285'], [165, 7.6, '#46fd54'], [166, 7.1, '#46fd54'], [167, 7.4, '#46fd54'], [168, 7.8, '#46fd54'], [169, 7.0, '#46fd54'], [170, 7.7, '#46fd54'], [171, 7.6, '#46fd54'], [172, 7.8, '#46fd54'], [173, 8.4, '#46fd54'], [174, 7.6, '#46fd54'], [175, 7.9, '#46fd54'], [176, 8.0, '#46fd54'], [177, 7.6, '#46fd54'], [178, 7.5, '#46fd54'], [179, 7.3, '#46fd54'], [180, 8.1, '#46fd54'], [181, 7.5, '#46fd54'], [182, 8.0, '#46fd54'], [183, 8.0, '#46fd54'], [184, 8.0, '#46fd54'], [185, 9.0, '#46fd54'], [186, 9.5, '#46fd54'], [187, 9.8, '#46fd54']]"
'98904',Seinfeld,167,"[[1, 7.6, '#6cb103'], [2, 7.7, '#6cb103'], [3, 7.6, '#6cb103'], [4, 7.4, '#6cb103'], [5, 7.6, '#6cb103'], [6, 7.7, '#e5c79d'], [7, 8.0, '#e5c79d'], [8, 8.4, '#e5c79d'], [9, 8.5, '#e5c79d'], [10, 7.9, '#e5c79d'], [11, 8.1, '#e5c79d'], [12, 8.4, '#e5c79d'], [13, 8.0, '#e5c79d'], [14, 8.3, '#e5c79d'], [15, 7.6, '#e5c79d'], [16, 8.7, '#e5c79d'], [17, 7.8, '#e5c79d'], [18, 8.3, '#2c6c33'], [19, 7.8, '#2c6c33'], [20, 8.3, '#2c6c33'], [21, 7.3, '#2c6c33'], [22, 8.7, '#2c6c33'], [23, 8.9, '#2c6c33'], [24, 8.5, '#2c6c33'], [25, 8.8, '#2c6c33'], [26, 8.1, '#2c6c33'], [27, 7.6, '#2c6c33'], [28, 8.4, '#2c6c33'], [29, 8.5, '#2c6c33'], [30, 8.8, '#2c6c33'], [31, 8.5, '#2c6c33'], [32, 7.7, '#2c6c33'], [33, 8.5, '#2c6c33'], [34, 8.8, '#2c6c33'], [35, 8.2, '#2d2546'], [36, 8.4, '#2d2546'], [37, 8.7, '#2d2546'], [38, 8.4, '#2d2546'], [39, 8.1, '#2d2546'], [40, 8.2, '#2d2546'], [41, 8.8, '#2d2546'], [42, 8.6, '#2d2546'], [43, 8.3, '#2d2546'], [44, 8.3, '#2d2546'], [45, 9.6, '#2d2546'], [46, 9.0, '#2d2546'], [47, 8.6, '#2d2546'], [48, 8.2, '#2d2546'], [49, 8.2, '#2d2546'], [50, 8.3, '#2d2546'], [51, 9.4, '#2d2546'], [52, 8.2, '#2d2546'], [53, 8.7, '#2d2546'], [54, 8.8, '#2d2546'], [55, 8.5, '#2d2546'], [56, 8.4, '#2d2546'], [57, 8.7, '#2d2546'], [58, 8.7, '#e04224'], [59, 9.0, '#e04224'], [60, 8.5, '#e04224'], [61, 8.3, '#e04224'], [62, 8.2, '#e04224'], [63, 8.6, '#e04224'], [64, 8.6, '#e04224'], [65, 8.4, '#e04224'], [66, 7.9, '#e04224'], [67, 8.5, '#e04224'], [68, 8.2, '#e04224'], [69, 8.7, '#e04224'], [70, 8.4, '#e04224'], [71, 9.3, '#e04224'], [72, 8.6, '#e04224'], [73, 7.8, '#e04224'], [74, 8.1, '#e04224'], [75, 8.5, '#e04224'], [76, 8.7, '#e04224'], [77, 9.1, '#e04224'], [78, 9.6, '#e04224'], [79, 8.1, '#9330ad'], [80, 8.3, '#9330ad'], [81, 8.3, '#9330ad'], [82, 8.3, '#9330ad'], [83, 8.2, '#9330ad'], [84, 8.3, '#9330ad'], [85, 8.3, '#9330ad'], [86, 8.2, '#9330ad'], [87, 8.2, '#9330ad'], [88, 9.0, '#9330ad'], [89, 9.0, '#9330ad'], [90, 8.7, '#9330ad'], [91, 8.2, '#9330ad'], [92, 7.2, '#9330ad'], [93, 8.4, '#9330ad'], [94, 8.3, '#9330ad'], [95, 8.4, '#9330ad'], [96, 9.0, '#9330ad'], [97, 8.4, '#9330ad'], [98, 8.8, '#9330ad'], [99, 8.2, '#9330ad'], [100, 8.5, '#9330ad'], [101, 8.1, '#9330ad'], [102, 8.7, '#53ac28'], [103, 8.4, '#53ac28'], [104, 8.2, '#53ac28'], [105, 8.7, '#53ac28'], [106, 8.7, '#53ac28'], [107, 9.6, '#53ac28'], [108, 8.5, '#53ac28'], [109, 8.5, '#53ac28'], [110, 8.4, '#53ac28'], [111, 8.7, '#53ac28'], [112, 9.0, '#53ac28'], [113, 8.7, '#53ac28'], [114, 8.3, '#53ac28'], [115, 8.6, '#53ac28'], [116, 8.5, '#53ac28'], [117, 8.3, '#53ac28'], [118, 7.9, '#53ac28'], [119, 8.2, '#53ac28'], [120, 8.9, '#53ac28'], [121, 8.8, '#53ac28'], [122, 8.4, '#53ac28'], [123, 8.8, '#53ac28'], [124, 8.3, '#c112f2'], [125, 8.1, '#c112f2'], [126, 9.2, '#c112f2'], [127, 9.0, '#c112f2'], [128, 8.7, '#c112f2'], [129, 8.2, '#c112f2'], [130, 8.2, '#c112f2'], [131, 9.1, '#c112f2'], [132, 9.1, '#c112f2'], [133, 8.5, '#c112f2'], [134, 8.5, '#c112f2'], [135, 7.8, '#c112f2'], [136, 8.7, '#c112f2'], [137, 8.2, '#c112f2'], [138, 8.7, '#c112f2'], [139, 8.7, '#c112f2'], [140, 8.6, '#c112f2'], [141, 8.9, '#c112f2'], [142, 9.0, '#c112f2'], [143, 8.3, '#c112f2'], [144, 8.5, '#c112f2'], [145, 8.6, '#c112f2'], [146, 8.6, '#d2c96e'], [147, 8.5, '#d2c96e'], [148, 9.0, '#d2c96e'], [149, 8.3, '#d2c96e'], [150, 8.1, '#d2c96e'], [151, 9.1, '#d2c96e'], [152, 8.5, '#d2c96e'], [153, 9.0, '#d2c96e'], [154, 8.4, '#d2c96e'], [155, 8.8, '#d2c96e'], [156, 8.6, '#d2c96e'], [157, 8.4, '#d2c96e'], [158, 8.0, '#d2c96e'], [159, 8.1, '#d2c96e'], [160, 8.1, '#d2c96e'], [161, 8.5, '#d2c96e'], [162, 8.4, '#d2c96e'], [163, 8.9, '#d2c96e'], [164, 8.2, '#d2c96e'], [165, 8.1, '#d2c96e'], [166, 8.1, '#d2c96e'], [167, 7.7, '#d2c96e']]"
'200276',The West Wing,133,"[[1, 8.6, '#6aae1b'], [2, 8.1, '#6aae1b'], [3, 8.7, '#6aae1b'], [4, 8.2, '#6aae1b'], [5, 8.6, '#6aae1b'], [6, 8.8, '#6aae1b'], [7, 8.3, '#6aae1b'], [8, 8.0, '#6aae1b'], [9, 8.6, '#6aae1b'], [10, 9.1, '#6aae1b'], [11, 8.2, '#6aae1b'], [12, 8.7, '#6aae1b'], [13, 8.4, '#6aae1b'], [14, 8.8, '#6aae1b'], [15, 9.0, '#6aae1b'], [16, 7.9, '#6aae1b'], [17, 7.8, '#6aae1b'], [18, 8.1, '#6aae1b'], [19, 8.9, '#6aae1b'], [20, 8.3, '#6aae1b'], [21, 8.6, '#6aae1b'], [22, 9.2, '#6aae1b'], [23, 9.5, '#6d5f92'], [24, 9.4, '#6d5f92'], [25, 8.4, '#6d5f92'], [26, 8.8, '#6d5f92'], [27, 8.4, '#6d5f92'], [28, 7.7, '#6d5f92'], [29, 7.8, '#6d5f92'], [30, 8.5, '#6d5f92'], [31, 8.3, '#6d5f92'], [32, 9.4, '#6d5f92'], [33, 8.0, '#6d5f92'], [34, 7.8, '#6d5f92'], [35, 8.2, '#6d5f92'], [36, 8.4, '#6d5f92'], [37, 8.2, '#6d5f92'], [38, 8.7, '#6d5f92'], [39, 8.9, '#6d5f92'], [40, 8.9, '#6d5f92'], [41, 8.7, '#6d5f92'], [42, 8.5, '#6d5f92'], [43, 9.0, '#6d5f92'], [44, 9.8, '#6d5f92'], [45, 8.7, '#4b3c58'], [46, 8.9, '#4b3c58'], [47, 8.0, '#4b3c58'], [48, 7.8, '#4b3c58'], [49, 8.1, '#4b3c58'], [50, 9.0, '#4b3c58'], [51, 8.6, '#4b3c58'], [52, 7.9, '#4b3c58'], [53, 7.6, '#4b3c58'], [54, 7.8, '#4b3c58'], [55, 8.1, '#4b3c58'], [56, 7.7, '#4b3c58'], [57, 7.5, '#4b3c58'], [58, 8.0, '#4b3c58'], [59, 8.2, '#4b3c58'], [60, 7.9, '#4b3c58'], [61, 7.9, '#4b3c58'], [62, 7.5, '#4b3c58'], [63, 7.7, '#4b3c58'], [64, 8.2, '#4b3c58'], [65, 8.7, '#4b3c58'], [66, 9.0, '#4b3c58'], [67, 9.3, '#4b3c58'], [68, 8.6, '#8eea83'], [69, 8.2, '#8eea83'], [70, 7.6, '#8eea83'], [71, 7.8, '#8eea83'], [72, 7.6, '#8eea83'], [73, 7.6, '#8eea83'], [74, 8.0, '#8eea83'], [75, 8.7, '#8eea83'], [76, 7.6, '#8eea83'], [77, 7.5, '#8eea83'], [78, 7.6, '#8eea83'], [79, 8.0, '#8eea83'], [80, 7.8, '#8eea83'], [81, 7.6, '#8eea83'], [82, 7.7, '#8eea83'], [83, 7.6, '#8eea83'], [84, 9.2, '#8eea83'], [85, 7.0, '#8eea83'], [86, 7.6, '#8eea83'], [87, 8.0, '#8eea83'], [88, 8.4, '#8eea83'], [89, 8.2, '#8eea83'], [90, 8.1, '#5892d3'], [91, 8.4, '#5892d3'], [92, 8.0, '#5892d3'], [93, 8.4, '#5892d3'], [94, 7.7, '#5892d3'], [95, 7.5, '#5892d3'], [96, 7.7, '#5892d3'], [97, 8.3, '#5892d3'], [98, 8.5, '#5892d3'], [99, 8.0, '#5892d3'], [100, 7.8, '#5892d3'], [101, 7.7, '#5892d3'], [102, 8.0, '#5892d3'], [103, 7.7, '#5892d3'], [104, 8.3, '#5892d3'], [105, 8.0, '#5892d3'], [106, 8.5, '#5892d3'], [107, 8.2, '#5892d3'], [108, 7.2, '#5892d3'], [109, 8.2, '#5892d3'], [110, 8.1, '#5892d3'], [111, 8.9, '#5892d3'], [112, 8.0, '#7a8ee8'], [113, 7.8, '#7a8ee8'], [114, 7.9, '#7a8ee8'], [115, 7.9, '#7a8ee8'], [116, 8.5, '#7a8ee8'], [117, 8.0, '#7a8ee8'], [118, 8.8, '#7a8ee8'], [119, 8.0, '#7a8ee8'], [120, 7.9, '#7a8ee8'], [121, 8.2, '#7a8ee8'], [122, 8.0, '#7a8ee8'], [123, 8.5, '#7a8ee8'], [124, 8.2, '#7a8ee8'], [125, 8.0, '#7a8ee8'], [126, 7.8, '#7a8ee8'], [127, 8.6, '#7a8ee8'], [128, 9.1, '#7a8ee8'], [129, 8.9, '#7a8ee8'], [130, 8.5, '#7a8ee8'], [131, 8.3, '#7a8ee8'], [132, 8.6, '#7a8ee8'], [133, 9.0, '#7a8ee8']]"
'2861424',Rick and Morty,40,"[[1, 8.0, '#5a5d93'], [2, 8.8, '#5a5d93'], [3, 8.4, '#5a5d93'], [4, 8.7, '#5a5d93'], [5, 9.0, '#5a5d93'], [6, 9.1, '#5a5d93'], [7, 8.0, '#5a5d93'], [8, 8.8, '#5a5d93'], [9, 8.5, '#5a5d93'], [10, 9.4, '#5a5d93'], [11, 8.5, '#5a5d93'], [12, 8.9, '#b52fdc'], [13, 8.9, '#b52fdc'], [14, 8.6, '#b52fdc'], [15, 9.6, '#b52fdc'], [16, 8.3, '#b52fdc'], [17, 9.3, '#b52fdc'], [18, 8.5, '#b52fdc'], [19, 7.7, '#b52fdc'], [20, 8.6, '#b52fdc'], [21, 9.4, '#b52fdc'], [22, 9.6, '#954727'], [23, 8.2, '#954727'], [24, 9.3, '#954727'], [25, 8.2, '#954727'], [26, 8.5, '#954727'], [27, 9.0, '#954727'], [28, 9.8, '#954727'], [29, 8.9, '#954727'], [30, 8.0, '#954727'], [31, 8.2, '#954727'], [32, 9.0, '#2a3ecc'], [33, 8.4, '#2a3ecc'], [34, 8.5, '#2a3ecc'], [35, 7.5, '#2a3ecc'], [36, 9.0, '#2a3ecc'], [37, 8.2, '#2a3ecc'], [38, 8.2, '#2a3ecc'], [39, 9.6, '#2a3ecc'], [40, 8.5, '#2a3ecc']]"
'475784',Westworld,28,"[[1, 8.9, '#760d84'], [2, 8.6, '#760d84'], [3, 8.4, '#760d84'], [4, 8.7, '#760d84'], [5, 8.7, '#760d84'], [6, 8.9, '#760d84'], [7, 9.5, '#760d84'], [8, 8.8, '#760d84'], [9, 9.4, '#760d84'], [10, 9.7, '#760d84'], [11, 8.2, '#8cf512'], [12, 8.1, '#8cf512'], [13, 8.0, '#8cf512'], [14, 9.0, '#8cf512'], [15, 7.9, '#8cf512'], [16, 8.2, '#8cf512'], [17, 8.6, '#8cf512'], [18, 9.2, '#8cf512'], [19, 8.8, '#8cf512'], [20, 8.8, '#8cf512'], [21, 8.5, '#90af79'], [22, 8.4, '#90af79'], [23, 8.4, '#90af79'], [24, 9.0, '#90af79'], [25, 8.2, '#90af79'], [26, 8.6, '#90af79'], [27, 8.1, '#90af79'], [28, 7.4, '#90af79']]"
'4158110',Mr. Robot,45,"[[1, 9.3, '#b64ae2'], [2, 8.7, '#b64ae2'], [3, 8.3, '#b64ae2'], [4, 8.1, '#b64ae2'], [5, 8.6, '#b64ae2'], [6, 9.2, '#b64ae2'], [7, 8.6, '#b64ae2'], [8, 9.5, '#b64ae2'], [9, 9.3, '#b64ae2'], [10, 8.9, '#b64ae2'], [11, 8.3, '#6d1e28'], [12, 8.4, '#6d1e28'], [13, 8.5, '#6d1e28'], [14, 8.4, '#6d1e28'], [15, 8.9, '#6d1e28'], [16, 9.1, '#6d1e28'], [17, 9.3, '#6d1e28'], [18, 8.7, '#6d1e28'], [19, 8.7, '#6d1e28'], [20, 9.3, '#6d1e28'], [21, 8.6, '#6d1e28'], [22, 9.0, '#6d1e28'], [23, 8.8, '#e69a83'], [24, 9.2, '#e69a83'], [25, 8.8, '#e69a83'], [26, 8.5, '#e69a83'], [27, 9.7, '#e69a83'], [28, 9.7, '#e69a83'], [29, 9.1, '#e69a83'], [30, 9.2, '#e69a83'], [31, 8.7, '#e69a83'], [32, 9.5, '#e69a83'], [33, 9.4, '#68f0b3'], [34, 8.9, '#68f0b3'], [35, 8.8, '#68f0b3'], [36, 8.9, '#68f0b3'], [37, 9.8, '#68f0b3'], [38, 9.2, '#68f0b3'], [39, 9.9, '#68f0b3'], [40, 9.3, '#68f0b3'], [41, 9.8, '#68f0b3'], [42, 8.4, '#68f0b3'], [43, 9.6, '#68f0b3'], [44, 9.7, '#68f0b3'], [45, 9.9, '#68f0b3']]"
'1439629',Community,110,"[[1, 7.7, '#1d8d4c'], [2, 7.9, '#1d8d4c'], [3, 8.3, '#1d8d4c'], [4, 8.2, '#1d8d4c'], [5, 7.9, '#1d8d4c'], [6, 7.8, '#1d8d4c'], [7, 8.8, '#1d8d4c'], [8, 8.0, '#1d8d4c'], [9, 8.8, '#1d8d4c'], [10, 8.2, '#1d8d4c'], [11, 7.9, '#1d8d4c'], [12, 8.5, '#1d8d4c'], [13, 8.0, '#1d8d4c'], [14, 7.9, '#1d8d4c'], [15, 8.1, '#1d8d4c'], [16, 8.5, '#1d8d4c'], [17, 9.0, '#1d8d4c'], [18, 8.0, '#1d8d4c'], [19, 8.5, '#1d8d4c'], [20, 8.5, '#1d8d4c'], [21, 9.3, '#1d8d4c'], [22, 8.0, '#1d8d4c'], [23, 9.8, '#1d8d4c'], [24, 8.2, '#1d8d4c'], [25, 8.5, '#1d8d4c'], [26, 8.7, '#baf120'], [27, 8.3, '#baf120'], [28, 8.1, '#baf120'], [29, 8.7, '#baf120'], [30, 7.8, '#baf120'], [31, 9.3, '#baf120'], [32, 8.5, '#baf120'], [33, 9.1, '#baf120'], [34, 9.4, '#baf120'], [35, 8.5, '#baf120'], [36, 8.8, '#baf120'], [37, 8.0, '#baf120'], [38, 7.9, '#baf120'], [39, 9.5, '#baf120'], [40, 8.1, '#baf120'], [41, 8.8, '#baf120'], [42, 8.3, '#baf120'], [43, 7.4, '#baf120'], [44, 9.0, '#baf120'], [45, 7.6, '#baf120'], [46, 9.1, '#baf120'], [47, 8.0, '#baf120'], [48, 9.7, '#baf120'], [49, 9.6, '#baf120'], [50, 8.1, '#67acac'], [51, 8.1, '#67acac'], [52, 8.1, '#67acac'], [53, 9.8, '#67acac'], [54, 8.8, '#67acac'], [55, 7.7, '#67acac'], [56, 8.6, '#67acac'], [57, 9.0, '#67acac'], [58, 8.4, '#67acac'], [59, 8.7, '#67acac'], [60, 7.7, '#67acac'], [61, 8.0, '#67acac'], [62, 8.2, '#67acac'], [63, 9.3, '#67acac'], [64, 8.2, '#67acac'], [65, 8.6, '#67acac'], [66, 9.5, '#67acac'], [67, 8.3, '#67acac'], [68, 9.2, '#67acac'], [69, 9.5, '#67acac'], [70, 9.1, '#67acac'], [71, 8.8, '#67acac'], [72, 7.3, '#17fef1'], [73, 7.6, '#17fef1'], [74, 7.3, '#17fef1'], [75, 7.1, '#17fef1'], [76, 7.5, '#17fef1'], [77, 7.5, '#17fef1'], [78, 6.7, '#17fef1'], [79, 7.9, '#17fef1'], [80, 7.0, '#17fef1'], [81, 7.6, '#17fef1'], [82, 8.0, '#17fef1'], [83, 8.2, '#17fef1'], [84, 7.7, '#17fef1'], [85, 8.0, '#ae06a8'], [86, 8.6, '#ae06a8'], [87, 9.0, '#ae06a8'], [88, 9.3, '#ae06a8'], [89, 9.4, '#ae06a8'], [90, 8.2, '#ae06a8'], [91, 7.8, '#ae06a8'], [92, 9.0, '#ae06a8'], [93, 8.1, '#ae06a8'], [94, 8.5, '#ae06a8'], [95, 8.0, '#ae06a8'], [96, 7.9, '#ae06a8'], [97, 8.3, '#ae06a8'], [98, 7.8, '#fad37d'], [99, 7.6, '#fad37d'], [100, 7.8, '#fad37d'], [101, 8.1, '#fad37d'], [102, 7.8, '#fad37d'], [103, 7.7, '#fad37d'], [104, 7.4, '#fad37d'], [105, 7.9, '#fad37d'], [106, 7.7, '#fad37d'], [107, 7.6, '#fad37d'], [108, 9.0, '#fad37d'], [109, 8.6, '#fad37d'], [110, 9.6, '#fad37d']]"
'3107288',The Flash,133,"[[1, 8.5, '#3d45b4'], [2, 8.3, '#3d45b4'], [3, 8.1, '#3d45b4'], [4, 8.6, '#3d45b4'], [5, 8.1, '#3d45b4'], [6, 8.4, '#3d45b4'], [7, 8.5, '#3d45b4'], [8, 9.3, '#3d45b4'], [9, 9.4, '#3d45b4'], [10, 8.3, '#3d45b4'], [11, 8.3, '#3d45b4'], [12, 8.4, '#3d45b4'], [13, 8.7, '#3d45b4'], [14, 8.9, '#3d45b4'], [15, 9.7, '#3d45b4'], [16, 8.5, '#3d45b4'], [17, 9.1, '#3d45b4'], [18, 8.3, '#3d45b4'], [19, 9.1, '#3d45b4'], [20, 9.4, '#3d45b4'], [21, 8.5, '#3d45b4'], [22, 9.1, '#3d45b4'], [23, 9.6, '#3d45b4'], [24, 8.3, '#fe3430'], [25, 8.7, '#fe3430'], [26, 8.4, '#fe3430'], [27, 8.4, '#fe3430'], [28, 8.8, '#fe3430'], [29, 9.4, '#fe3430'], [30, 8.3, '#fe3430'], [31, 9.1, '#fe3430'], [32, 8.6, '#fe3430'], [33, 8.2, '#fe3430'], [34, 8.8, '#fe3430'], [35, 8.2, '#fe3430'], [36, 9.3, '#fe3430'], [37, 9.1, '#fe3430'], [38, 8.5, '#fe3430'], [39, 8.2, '#fe3430'], [40, 9.1, '#fe3430'], [41, 8.2, '#fe3430'], [42, 7.5, '#fe3430'], [43, 8.9, '#fe3430'], [44, 8.8, '#fe3430'], [45, 9.0, '#fe3430'], [46, 9.1, '#fe3430'], [47, 8.5, '#5662fa'], [48, 8.5, '#5662fa'], [49, 7.8, '#5662fa'], [50, 8.2, '#5662fa'], [51, 7.6, '#5662fa'], [52, 8.5, '#5662fa'], [53, 8.8, '#5662fa'], [54, 9.2, '#5662fa'], [55, 8.8, '#5662fa'], [56, 8.1, '#5662fa'], [57, 8.0, '#5662fa'], [58, 7.9, '#5662fa'], [59, 8.0, '#5662fa'], [60, 7.9, '#5662fa'], [61, 8.7, '#5662fa'], [62, 8.0, '#5662fa'], [63, 6.1, '#5662fa'], [64, 8.0, '#5662fa'], [65, 8.7, '#5662fa'], [66, 8.9, '#5662fa'], [67, 8.2, '#5662fa'], [68, 9.1, '#5662fa'], [69, 7.7, '#5662fa'], [70, 7.5, '#47b4f3'], [71, 7.4, '#47b4f3'], [72, 7.5, '#47b4f3'], [73, 8.3, '#47b4f3'], [74, 5.2, '#47b4f3'], [75, 7.2, '#47b4f3'], [76, 8.7, '#47b4f3'], [77, 8.7, '#47b4f3'], [78, 8.6, '#47b4f3'], [79, 8.3, '#47b4f3'], [80, 7.8, '#47b4f3'], [81, 8.0, '#47b4f3'], [82, 8.1, '#47b4f3'], [83, 7.4, '#47b4f3'], [84, 9.0, '#47b4f3'], [85, 5.4, '#47b4f3'], [86, 7.1, '#47b4f3'], [87, 8.2, '#47b4f3'], [88, 7.6, '#47b4f3'], [89, 7.7, '#47b4f3'], [90, 6.6, '#47b4f3'], [91, 8.0, '#47b4f3'], [92, 7.9, '#47b4f3'], [93, 8.2, '#1a543a'], [94, 7.8, '#1a543a'], [95, 8.2, '#1a543a'], [96, 7.5, '#1a543a'], [97, 7.7, '#1a543a'], [98, 7.8, '#1a543a'], [99, 7.7, '#1a543a'], [100, 9.2, '#1a543a'], [101, 9.2, '#1a543a'], [102, 7.3, '#1a543a'], [103, 7.5, '#1a543a'], [104, 8.0, '#1a543a'], [105, 7.6, '#1a543a'], [106, 8.1, '#1a543a'], [107, 8.0, '#1a543a'], [108, 8.2, '#1a543a'], [109, 8.4, '#1a543a'], [110, 8.6, '#1a543a'], [111, 7.7, '#1a543a'], [112, 7.2, '#1a543a'], [113, 8.0, '#1a543a'], [114, 8.8, '#1a543a'], [115, 7.7, '#80a60b'], [116, 8.0, '#80a60b'], [117, 7.6, '#80a60b'], [118, 7.8, '#80a60b'], [119, 7.7, '#80a60b'], [120, 7.6, '#80a60b'], [121, 8.8, '#80a60b'], [122, 8.2, '#80a60b'], [123, 9.0, '#80a60b'], [124, 7.1, '#80a60b'], [125, 4.9, '#80a60b'], [126, 7.2, '#80a60b'], [127, 7.9, '#80a60b'], [128, 8.3, '#80a60b'], [129, 8.0, '#80a60b'], [130, 6.8, '#80a60b'], [131, 8.0, '#80a60b'], [132, 7.5, '#80a60b'], [133, 7.2, '#80a60b']]"
'903747',Breaking Bad,62,"[[1, 9.0, '#bd0b4d'], [2, 8.7, '#bd0b4d'], [3, 8.8, '#bd0b4d'], [4, 8.3, '#bd0b4d'], [5, 8.4, '#bd0b4d'], [6, 9.3, '#bd0b4d'], [7, 8.9, '#bd0b4d'], [8, 8.7, '#d07bc5'], [9, 9.3, '#d07bc5'], [10, 8.4, '#d07bc5'], [11, 8.3, '#d07bc5'], [12, 8.4, '#d07bc5'], [13, 8.9, '#d07bc5'], [14, 8.7, '#d07bc5'], [15, 9.2, '#d07bc5'], [16, 9.1, '#d07bc5'], [17, 8.6, '#d07bc5'], [18, 8.9, '#d07bc5'], [19, 9.3, '#d07bc5'], [20, 9.3, '#d07bc5'], [21, 8.6, '#dc6422'], [22, 8.7, '#dc6422'], [23, 8.5, '#dc6422'], [24, 8.3, '#dc6422'], [25, 8.7, '#dc6422'], [26, 9.3, '#dc6422'], [27, 9.6, '#dc6422'], [28, 8.8, '#dc6422'], [29, 8.5, '#dc6422'], [30, 7.8, '#dc6422'], [31, 8.5, '#dc6422'], [32, 9.5, '#dc6422'], [33, 9.7, '#dc6422'], [34, 9.2, '#9a910e'], [35, 8.3, '#9a910e'], [36, 8.1, '#9a910e'], [37, 8.7, '#9a910e'], [38, 8.7, '#9a910e'], [39, 8.5, '#9a910e'], [40, 8.9, '#9a910e'], [41, 9.3, '#9a910e'], [42, 8.9, '#9a910e'], [43, 9.6, '#9a910e'], [44, 9.7, '#9a910e'], [45, 9.5, '#9a910e'], [46, 9.9, '#9a910e'], [47, 9.3, '#eeb716'], [48, 8.9, '#eeb716'], [49, 8.9, '#eeb716'], [50, 8.9, '#eeb716'], [51, 9.7, '#eeb716'], [52, 9.1, '#eeb716'], [53, 9.6, '#eeb716'], [54, 9.6, '#eeb716'], [55, 9.5, '#eeb716'], [56, 9.2, '#eeb716'], [57, 9.6, '#eeb716'], [58, 9.2, '#eeb716'], [59, 9.8, '#eeb716'], [60, 10.0, '#eeb716'], [61, 9.7, '#eeb716'], [62, 9.9, '#eeb716']]"
'1520211',The Walking Dead,146,"[[1, 9.2, '#b36d90'], [2, 8.7, '#b36d90'], [3, 8.3, '#b36d90'], [4, 8.6, '#b36d90'], [5, 8.3, '#b36d90'], [6, 8.7, '#b36d90'], [7, 8.6, '#6e8dcd'], [8, 8.0, '#6e8dcd'], [9, 8.4, '#6e8dcd'], [10, 7.6, '#6e8dcd'], [11, 8.1, '#6e8dcd'], [12, 7.7, '#6e8dcd'], [13, 9.3, '#6e8dcd'], [14, 8.3, '#6e8dcd'], [15, 8.3, '#6e8dcd'], [16, 8.5, '#6e8dcd'], [17, 8.6, '#6e8dcd'], [18, 9.1, '#6e8dcd'], [19, 9.2, '#6e8dcd'], [20, 8.9, '#1ceff8'], [21, 8.6, '#1ceff8'], [22, 8.2, '#1ceff8'], [23, 9.3, '#1ceff8'], [24, 8.2, '#1ceff8'], [25, 8.3, '#1ceff8'], [26, 8.6, '#1ceff8'], [27, 9.0, '#1ceff8'], [28, 8.2, '#1ceff8'], [29, 8.7, '#1ceff8'], [30, 7.8, '#1ceff8'], [31, 8.8, '#1ceff8'], [32, 7.8, '#1ceff8'], [33, 8.0, '#1ceff8'], [34, 8.9, '#1ceff8'], [35, 8.2, '#1ceff8'], [36, 8.2, '#2fe777'], [37, 8.4, '#2fe777'], [38, 8.1, '#2fe777'], [39, 8.0, '#2fe777'], [40, 8.9, '#2fe777'], [41, 7.8, '#2fe777'], [42, 7.8, '#2fe777'], [43, 9.7, '#2fe777'], [44, 8.1, '#2fe777'], [45, 8.2, '#2fe777'], [46, 8.3, '#2fe777'], [47, 7.3, '#2fe777'], [48, 8.0, '#2fe777'], [49, 9.2, '#2fe777'], [50, 8.5, '#2fe777'], [51, 9.2, '#2fe777'], [52, 9.6, '#5f88f4'], [53, 8.6, '#5f88f4'], [54, 9.0, '#5f88f4'], [55, 7.5, '#5f88f4'], [56, 8.0, '#5f88f4'], [57, 8.1, '#5f88f4'], [58, 8.0, '#5f88f4'], [59, 8.8, '#5f88f4'], [60, 8.0, '#5f88f4'], [61, 7.6, '#5f88f4'], [62, 8.5, '#5f88f4'], [63, 8.7, '#5f88f4'], [64, 8.0, '#5f88f4'], [65, 9.0, '#5f88f4'], [66, 8.5, '#5f88f4'], [67, 9.3, '#5f88f4'], [68, 8.7, '#ebee96'], [69, 9.3, '#ebee96'], [70, 9.3, '#ebee96'], [71, 8.2, '#ebee96'], [72, 7.3, '#ebee96'], [73, 7.7, '#ebee96'], [74, 8.1, '#ebee96'], [75, 8.1, '#ebee96'], [76, 9.6, '#ebee96'], [77, 8.4, '#ebee96'], [78, 8.2, '#ebee96'], [79, 9.0, '#ebee96'], [80, 8.7, '#ebee96'], [81, 8.1, '#ebee96'], [82, 8.0, '#ebee96'], [83, 6.5, '#ebee96'], [84, 9.1, '#362153'], [85, 7.2, '#362153'], [86, 7.6, '#362153'], [87, 7.6, '#362153'], [88, 6.8, '#362153'], [89, 5.6, '#362153'], [90, 8.0, '#362153'], [91, 8.7, '#362153'], [92, 8.1, '#362153'], [93, 7.3, '#362153'], [94, 7.3, '#362153'], [95, 7.0, '#362153'], [96, 7.6, '#362153'], [97, 6.6, '#362153'], [98, 7.6, '#362153'], [99, 7.6, '#362153'], [100, 6.8, '#8ffcf2'], [101, 6.6, '#8ffcf2'], [102, 6.3, '#8ffcf2'], [103, 6.8, '#8ffcf2'], [104, 7.3, '#8ffcf2'], [105, 6.1, '#8ffcf2'], [106, 6.5, '#8ffcf2'], [107, 6.7, '#8ffcf2'], [108, 6.8, '#8ffcf2'], [109, 7.7, '#8ffcf2'], [110, 7.1, '#8ffcf2'], [111, 8.1, '#8ffcf2'], [112, 7.3, '#8ffcf2'], [113, 7.3, '#8ffcf2'], [114, 7.8, '#8ffcf2'], [115, 7.5, '#8ffcf2'], [116, 7.4, '#52c54b'], [117, 7.8, '#52c54b'], [118, 7.8, '#52c54b'], [119, 8.1, '#52c54b'], [120, 9.2, '#52c54b'], [121, 7.9, '#52c54b'], [122, 7.2, '#52c54b'], [123, 8.9, '#52c54b'], [124, 8.0, '#52c54b'], [125, 8.0, '#52c54b'], [126, 7.9, '#52c54b'], [127, 8.0, '#52c54b'], [128, 8.4, '#52c54b'], [129, 8.1, '#52c54b'], [130, 9.4, '#52c54b'], [131, 7.7, '#52c54b'], [132, 7.6, '#61233e'], [133, 7.1, '#61233e'], [134, 7.8, '#61233e'], [135, 7.3, '#61233e'], [136, 8.3, '#61233e'], [137, 8.0, '#61233e'], [138, 8.0, '#61233e'], [139, 7.3, '#61233e'], [140, 7.5, '#61233e'], [141, 8.2, '#61233e'], [142, 8.5, '#61233e'], [143, 9.2, '#61233e'], [144, 8.1, '#61233e'], [145, 8.1, '#61233e'], [146, 7.7, '#61233e']]"
